,train_type,epoch,model_q,human_q,win
0,u4_label_eig_qs_7e-6,1,0,0,0.5
1,u4_label_eig_qs_7e-6,1,1,0,0.5
2,u4_label_eig_qs_7e-6,1,0,1,0.5
3,u4_label_eig_qs_7e-6,1,0,1,0.0
4,u4_label_eig_qs_7e-6,1,0,1,0.5
5,u4_label_eig_qs_7e-6,1,1,1,0.0
6,u4_label_eig_qs_7e-6,1,0,1,0.5
7,u4_label_eig_qs_7e-6,1,0,0,0.5
8,u4_label_eig_qs_7e-6,1,0,0,0.5
9,u4_label_eig_qs_7e-6,1,0,0,0.5
10,u4_label_eig_qs_7e-6,1,0,0,0.5
11,u4_label_eig_qs_7e-6,1,1,1,0.5
12,u4_label_eig_qs_7e-6,1,0,0,0.5
13,u4_label_eig_qs_7e-6,1,0,1,0.5
14,u4_label_eig_qs_7e-6,1,0,1,0.5
15,u4_label_eig_qs_7e-6,1,1,0,0.0
16,u4_label_eig_qs_7e-6,1,0,0,0.5
17,u4_label_eig_qs_7e-6,1,0,1,0.5
18,u4_label_eig_qs_7e-6,1,0,0,0.5
19,u4_label_eig_qs_7e-6,1,0,0,0.5
20,u4_label_eig_qs_7e-6,1,0,0,0.5
21,u4_label_eig_qs_7e-6,1,1,1,0.0
22,u4_label_eig_qs_7e-6,1,0,0,0.5
23,u4_label_eig_qs_7e-6,1,0,1,0.5
24,u4_label_eig_qs_7e-6,1,0,0,0.5
25,u4_label_eig_qs_7e-6,1,1,0,1.0
26,u4_label_eig_qs_7e-6,1,0,0,0.5
27,u4_label_eig_qs_7e-6,1,0,0,0.5
28,u4_label_eig_qs_7e-6,1,0,0,0.5
29,u4_label_eig_qs_7e-6,1,0,1,0.5
30,u4_label_eig_qs_7e-6,1,0,0,0.5
31,u4_label_eig_qs_7e-6,1,0,1,0.5
32,u4_label_eig_qs_7e-6,1,0,1,0.5
33,u4_label_eig_qs_7e-6,1,0,0,0.5
34,u4_label_eig_qs_7e-6,1,1,1,1.0
35,u4_label_eig_qs_7e-6,1,0,0,0.5
36,u4_label_eig_qs_7e-6,1,1,1,1.0
37,u4_label_eig_qs_7e-6,1,1,1,0.5
38,u4_label_eig_qs_7e-6,1,0,0,0.5
39,u4_label_eig_qs_7e-6,1,0,0,1.0
40,u4_label_eig_qs_7e-6,1,0,1,0.5
41,u4_label_eig_qs_7e-6,1,0,0,0.5
42,u4_label_eig_qs_7e-6,1,0,1,0.5
43,u4_label_eig_qs_7e-6,1,0,0,0.5
44,u4_label_eig_qs_7e-6,1,0,0,0.5
45,u4_label_eig_qs_7e-6,1,0,1,0.5
46,u4_label_eig_qs_7e-6,1,0,0,0.5
47,u4_label_eig_qs_7e-6,1,0,0,0.5
48,u4_label_eig_qs_7e-6,1,0,0,0.5
49,u4_label_eig_qs_7e-6,1,0,1,0.5
50,u4_label_eig_qs_7e-6,1,0,1,0.5
51,u4_label_eig_qs_7e-6,1,0,0,0.5
52,u4_label_eig_qs_7e-6,1,0,0,0.5
53,u4_label_eig_qs_7e-6,1,0,0,0.5
54,u4_label_eig_qs_7e-6,1,1,1,0.5
55,u4_label_eig_qs_7e-6,1,0,1,0.5
56,u4_label_eig_qs_7e-6,1,0,1,0.5
57,u4_label_eig_qs_7e-6,1,0,0,0.5
58,u4_label_eig_qs_7e-6,1,0,1,0.5
59,u4_label_eig_qs_7e-6,1,0,0,0.5
60,u4_label_eig_qs_7e-6,1,1,0,0.5
61,u4_label_eig_qs_7e-6,1,0,1,0.0
62,u4_label_eig_qs_7e-6,1,0,0,0.5
63,u4_label_eig_qs_7e-6,1,0,0,0.0
64,u4_label_eig_qs_7e-6,1,0,0,0.5
65,u4_label_eig_qs_7e-6,1,0,1,0.5
66,u4_label_eig_qs_7e-6,1,0,0,0.5
67,u4_label_eig_qs_7e-6,1,0,0,0.5
68,u4_label_eig_qs_7e-6,1,0,0,1.0
69,u4_label_eig_qs_7e-6,1,1,0,1.0
70,u4_label_eig_qs_7e-6,1,0,1,0.5
71,u4_label_eig_qs_7e-6,1,0,0,0.5
72,u4_label_eig_qs_7e-6,1,0,0,0.5
73,u4_label_eig_qs_7e-6,1,0,0,0.5
74,u4_label_eig_qs_7e-6,1,0,0,0.0
75,u4_label_eig_qs_7e-6,1,1,0,0.5
76,u4_label_eig_qs_7e-6,1,0,0,0.5
77,u4_label_eig_qs_7e-6,1,0,0,0.0
78,u4_label_eig_qs_7e-6,1,0,1,0.5
79,u4_label_eig_qs_7e-6,1,0,0,0.5
80,u4_label_eig_qs_7e-6,1,0,1,0.5
81,u4_label_eig_qs_7e-6,1,1,1,0.0
82,u4_label_eig_qs_7e-6,1,0,0,0.5
83,u4_label_eig_qs_7e-6,1,0,0,0.5
84,u4_label_eig_qs_7e-6,1,0,1,0.5
85,u4_label_eig_qs_7e-6,1,0,0,0.5
86,u4_label_eig_qs_7e-6,1,0,1,0.5
87,u4_label_eig_qs_7e-6,1,1,1,0.5
88,u4_label_eig_qs_7e-6,1,0,1,0.5
89,u4_label_eig_qs_7e-6,1,0,0,0.5
90,u4_label_eig_qs_7e-6,1,0,0,0.5
91,u4_label_eig_qs_7e-6,1,1,1,1.0
92,u4_label_eig_qs_7e-6,1,0,0,0.5
93,u4_label_eig_qs_7e-6,1,0,1,0.5
94,u4_label_eig_qs_7e-6,1,0,0,0.5
95,u4_label_eig_qs_7e-6,1,0,0,1.0
96,u4_label_eig_qs_7e-6,1,0,0,0.5
97,u4_label_eig_qs_7e-6,1,0,0,0.0
98,u4_label_eig_qs_7e-6,1,0,0,0.5
99,u4_label_eig_qs_7e-6,1,0,1,0.5
100,u4_label_eig_qs_7e-6,1,0,1,0.5
101,u4_label_eig_qs_7e-6,1,0,0,0.5
102,u4_label_eig_qs_7e-6,1,1,1,0.5
103,u4_label_eig_qs_7e-6,1,0,0,0.5
104,u4_label_eig_qs_7e-6,1,0,0,0.5
105,u4_label_eig_qs_7e-6,1,0,0,0.5
106,u4_label_eig_qs_7e-6,1,1,0,1.0
107,u4_label_eig_qs_7e-6,1,1,1,1.0
108,u4_label_eig_qs_7e-6,1,0,1,0.5
109,u4_label_eig_qs_7e-6,1,0,1,0.5
110,u4_label_eig_qs_7e-6,1,0,1,0.5
111,u4_label_eig_qs_7e-6,1,0,1,0.5
112,u4_label_eig_qs_7e-6,1,0,0,0.5
113,u4_label_eig_qs_7e-6,1,0,0,0.5
114,u4_label_eig_qs_7e-6,1,0,0,0.5
115,u4_label_eig_qs_7e-6,1,1,0,1.0
116,u4_label_eig_qs_7e-6,1,0,0,1.0
117,u4_label_eig_qs_7e-6,1,0,0,0.5
118,u4_label_eig_qs_7e-6,1,0,1,0.5
119,u4_label_eig_qs_7e-6,1,1,1,1.0
120,u4_label_eig_qs_7e-6,1,0,1,0.5
121,u4_label_eig_qs_7e-6,1,0,1,0.5
122,u4_label_eig_qs_7e-6,1,0,0,0.5
123,u4_label_eig_qs_7e-6,1,0,1,0.5
124,u4_label_eig_qs_7e-6,1,0,0,0.5
125,u4_label_eig_qs_7e-6,1,0,1,0.5
126,u4_label_eig_qs_7e-6,1,0,1,1.0
127,u4_label_eig_qs_7e-6,1,0,0,0.5
128,u4_label_eig_qs_7e-6,1,1,1,0.5
129,u4_label_eig_qs_7e-6,1,0,0,0.5
130,u4_label_eig_qs_7e-6,1,0,0,0.5
131,u4_label_eig_qs_7e-6,1,0,0,0.5
132,u4_label_eig_qs_7e-6,1,0,0,0.5
133,u4_label_eig_qs_7e-6,1,0,0,0.5
134,u4_label_eig_qs_7e-6,1,0,1,0.5
135,u4_label_eig_qs_7e-6,1,0,0,0.5
136,u4_label_eig_qs_7e-6,1,0,0,0.5
137,u4_label_eig_qs_7e-6,1,0,0,0.5
138,u4_label_eig_qs_7e-6,1,0,0,0.5
139,u4_label_eig_qs_7e-6,1,0,1,0.0
140,u4_label_eig_qs_7e-6,1,0,1,0.5
141,u4_label_eig_qs_7e-6,1,0,0,0.5
142,u4_label_eig_qs_7e-6,1,0,1,0.0
143,u4_label_eig_qs_7e-6,1,1,0,0.5
144,u4_label_eig_qs_7e-6,1,0,0,0.5
145,u4_label_eig_qs_7e-6,1,0,1,0.5
146,u4_label_eig_qs_7e-6,1,0,0,0.5
147,u4_label_eig_qs_7e-6,1,0,0,0.5
148,u4_label_eig_qs_7e-6,1,0,1,0.5
149,u4_label_eig_qs_7e-6,1,0,0,0.5
150,u4_label_eig_qs_7e-6,1,0,1,0.5
151,u4_label_eig_qs_7e-6,1,0,0,0.5
152,u4_label_eig_qs_7e-6,1,0,0,0.5
153,u4_label_eig_qs_7e-6,1,0,0,0.5
154,u4_label_eig_qs_7e-6,1,0,0,0.5
155,u4_label_eig_qs_7e-6,1,0,0,0.5
156,u4_label_eig_qs_7e-6,1,0,1,0.5
157,u4_label_eig_qs_7e-6,1,0,0,1.0
158,u4_label_eig_qs_7e-6,1,0,0,0.5
159,u4_label_eig_qs_7e-6,1,0,0,0.5
160,u4_label_eig_qs_7e-6,1,0,1,0.5
161,u4_label_eig_qs_7e-6,1,0,1,0.5
162,u4_label_eig_qs_7e-6,1,0,0,0.5
163,u4_label_eig_qs_7e-6,1,0,0,0.5
164,u4_label_eig_qs_7e-6,1,1,1,0.5
165,u4_label_eig_qs_7e-6,1,0,1,0.5
166,u4_label_eig_qs_7e-6,1,0,0,0.5
167,u4_label_eig_qs_7e-6,1,0,0,0.5
168,u4_label_eig_qs_7e-6,1,0,0,0.5
169,u4_label_eig_qs_7e-6,1,0,0,1.0
170,u4_label_eig_qs_7e-6,1,0,0,0.5
171,u4_label_eig_qs_7e-6,1,0,1,0.5
172,u4_label_eig_qs_7e-6,1,0,0,0.5
173,u4_label_eig_qs_7e-6,1,0,1,0.5
174,u4_label_eig_qs_7e-6,1,0,1,0.5
175,u4_label_eig_qs_7e-6,1,0,0,0.5
176,u4_label_eig_qs_7e-6,1,0,1,1.0
177,u4_label_eig_qs_7e-6,1,0,1,0.5
178,u4_label_eig_qs_7e-6,1,0,1,0.5
179,u4_label_eig_qs_7e-6,1,0,0,1.0
180,u4_label_eig_qs_7e-6,1,0,0,0.5
181,u4_label_eig_qs_7e-6,1,0,0,0.5
182,u4_label_eig_qs_7e-6,1,0,0,0.5
183,u4_label_eig_qs_7e-6,1,0,0,0.5
184,u4_label_eig_qs_7e-6,1,0,0,0.5
185,u4_label_eig_qs_7e-6,1,0,1,0.5
186,u4_label_eig_qs_7e-6,1,0,0,0.5
187,u4_label_eig_qs_7e-6,1,0,0,1.0
188,u4_label_eig_qs_7e-6,1,0,0,0.5
189,u4_label_eig_qs_7e-6,1,0,0,1.0
190,u4_label_eig_qs_7e-6,1,0,1,0.5
191,u4_label_eig_qs_7e-6,1,0,0,0.5
192,u4_label_eig_qs_7e-6,1,0,0,0.5
193,u4_label_eig_qs_7e-6,1,0,0,0.5
194,u4_label_eig_qs_7e-6,1,0,0,1.0
195,u4_label_eig_qs_7e-6,1,0,1,0.5
196,u4_label_eig_qs_7e-6,1,0,0,0.5
197,u4_label_eig_qs_7e-6,1,0,1,0.5
198,u4_label_eig_qs_7e-6,1,0,0,0.5
199,u4_label_eig_qs_7e-6,1,0,0,0.5
200,u4_label_eig_qs_7e-6,2,0,0,0.5
201,u4_label_eig_qs_7e-6,2,1,0,0.5
202,u4_label_eig_qs_7e-6,2,1,1,1.0
203,u4_label_eig_qs_7e-6,2,0,1,0.5
204,u4_label_eig_qs_7e-6,2,1,1,0.0
205,u4_label_eig_qs_7e-6,2,1,1,0.5
206,u4_label_eig_qs_7e-6,2,0,1,0.5
207,u4_label_eig_qs_7e-6,2,0,0,0.5
208,u4_label_eig_qs_7e-6,2,1,0,0.5
209,u4_label_eig_qs_7e-6,2,1,0,1.0
210,u4_label_eig_qs_7e-6,2,0,0,0.5
211,u4_label_eig_qs_7e-6,2,1,1,1.0
212,u4_label_eig_qs_7e-6,2,0,0,0.5
213,u4_label_eig_qs_7e-6,2,0,1,0.0
214,u4_label_eig_qs_7e-6,2,1,1,1.0
215,u4_label_eig_qs_7e-6,2,1,0,0.5
216,u4_label_eig_qs_7e-6,2,0,0,0.5
217,u4_label_eig_qs_7e-6,2,1,1,1.0
218,u4_label_eig_qs_7e-6,2,1,0,1.0
219,u4_label_eig_qs_7e-6,2,0,0,0.5
220,u4_label_eig_qs_7e-6,2,0,0,0.5
221,u4_label_eig_qs_7e-6,2,1,1,0.5
222,u4_label_eig_qs_7e-6,2,1,0,0.0
223,u4_label_eig_qs_7e-6,2,1,1,1.0
224,u4_label_eig_qs_7e-6,2,0,0,1.0
225,u4_label_eig_qs_7e-6,2,0,0,0.5
226,u4_label_eig_qs_7e-6,2,1,0,0.5
227,u4_label_eig_qs_7e-6,2,0,0,0.5
228,u4_label_eig_qs_7e-6,2,1,0,0.5
229,u4_label_eig_qs_7e-6,2,0,1,0.5
230,u4_label_eig_qs_7e-6,2,1,0,0.5
231,u4_label_eig_qs_7e-6,2,1,1,1.0
232,u4_label_eig_qs_7e-6,2,0,1,0.0
233,u4_label_eig_qs_7e-6,2,1,0,0.5
234,u4_label_eig_qs_7e-6,2,1,1,0.5
235,u4_label_eig_qs_7e-6,2,1,0,1.0
236,u4_label_eig_qs_7e-6,2,1,1,0.5
237,u4_label_eig_qs_7e-6,2,1,1,0.0
238,u4_label_eig_qs_7e-6,2,0,0,0.5
239,u4_label_eig_qs_7e-6,2,0,0,0.5
240,u4_label_eig_qs_7e-6,2,1,1,1.0
241,u4_label_eig_qs_7e-6,2,1,0,0.5
242,u4_label_eig_qs_7e-6,2,1,1,0.5
243,u4_label_eig_qs_7e-6,2,0,0,0.5
244,u4_label_eig_qs_7e-6,2,1,0,0.5
245,u4_label_eig_qs_7e-6,2,1,1,1.0
246,u4_label_eig_qs_7e-6,2,0,0,0.5
247,u4_label_eig_qs_7e-6,2,1,0,0.5
248,u4_label_eig_qs_7e-6,2,0,0,0.5
249,u4_label_eig_qs_7e-6,2,1,1,0.0
250,u4_label_eig_qs_7e-6,2,1,1,1.0
251,u4_label_eig_qs_7e-6,2,0,0,0.5
252,u4_label_eig_qs_7e-6,2,1,0,1.0
253,u4_label_eig_qs_7e-6,2,1,0,0.5
254,u4_label_eig_qs_7e-6,2,1,1,1.0
255,u4_label_eig_qs_7e-6,2,1,1,1.0
256,u4_label_eig_qs_7e-6,2,1,1,1.0
257,u4_label_eig_qs_7e-6,2,1,0,0.5
258,u4_label_eig_qs_7e-6,2,0,1,0.5
259,u4_label_eig_qs_7e-6,2,1,0,0.0
260,u4_label_eig_qs_7e-6,2,1,0,1.0
261,u4_label_eig_qs_7e-6,2,1,1,0.5
262,u4_label_eig_qs_7e-6,2,0,0,0.5
263,u4_label_eig_qs_7e-6,2,0,0,1.0
264,u4_label_eig_qs_7e-6,2,1,0,0.0
265,u4_label_eig_qs_7e-6,2,0,1,0.5
266,u4_label_eig_qs_7e-6,2,1,0,0.5
267,u4_label_eig_qs_7e-6,2,1,0,1.0
268,u4_label_eig_qs_7e-6,2,0,0,1.0
269,u4_label_eig_qs_7e-6,2,0,0,0.5
270,u4_label_eig_qs_7e-6,2,1,1,0.0
271,u4_label_eig_qs_7e-6,2,0,0,0.5
272,u4_label_eig_qs_7e-6,2,0,0,0.5
273,u4_label_eig_qs_7e-6,2,0,0,0.5
274,u4_label_eig_qs_7e-6,2,0,0,0.5
275,u4_label_eig_qs_7e-6,2,1,0,1.0
276,u4_label_eig_qs_7e-6,2,1,0,0.5
277,u4_label_eig_qs_7e-6,2,0,0,0.5
278,u4_label_eig_qs_7e-6,2,1,1,1.0
279,u4_label_eig_qs_7e-6,2,0,0,0.5
280,u4_label_eig_qs_7e-6,2,1,1,0.0
281,u4_label_eig_qs_7e-6,2,1,1,0.5
282,u4_label_eig_qs_7e-6,2,1,0,1.0
283,u4_label_eig_qs_7e-6,2,0,0,0.5
284,u4_label_eig_qs_7e-6,2,1,1,1.0
285,u4_label_eig_qs_7e-6,2,0,0,0.5
286,u4_label_eig_qs_7e-6,2,0,1,0.5
287,u4_label_eig_qs_7e-6,2,1,1,0.5
288,u4_label_eig_qs_7e-6,2,1,1,1.0
289,u4_label_eig_qs_7e-6,2,0,0,0.5
290,u4_label_eig_qs_7e-6,2,0,0,0.5
291,u4_label_eig_qs_7e-6,2,1,1,1.0
292,u4_label_eig_qs_7e-6,2,0,0,0.5
293,u4_label_eig_qs_7e-6,2,1,1,0.5
294,u4_label_eig_qs_7e-6,2,1,0,1.0
295,u4_label_eig_qs_7e-6,2,1,0,0.5
296,u4_label_eig_qs_7e-6,2,1,0,0.0
297,u4_label_eig_qs_7e-6,2,0,0,0.5
298,u4_label_eig_qs_7e-6,2,0,0,1.0
299,u4_label_eig_qs_7e-6,2,1,1,0.5
300,u4_label_eig_qs_7e-6,2,0,1,0.5
301,u4_label_eig_qs_7e-6,2,0,0,0.5
302,u4_label_eig_qs_7e-6,2,1,1,1.0
303,u4_label_eig_qs_7e-6,2,1,0,0.5
304,u4_label_eig_qs_7e-6,2,0,0,0.5
305,u4_label_eig_qs_7e-6,2,0,0,0.5
306,u4_label_eig_qs_7e-6,2,1,0,0.5
307,u4_label_eig_qs_7e-6,2,1,1,0.5
308,u4_label_eig_qs_7e-6,2,0,1,0.5
309,u4_label_eig_qs_7e-6,2,1,1,1.0
310,u4_label_eig_qs_7e-6,2,1,1,1.0
311,u4_label_eig_qs_7e-6,2,0,1,0.5
312,u4_label_eig_qs_7e-6,2,0,0,0.5
313,u4_label_eig_qs_7e-6,2,0,0,0.5
314,u4_label_eig_qs_7e-6,2,0,0,0.5
315,u4_label_eig_qs_7e-6,2,1,0,1.0
316,u4_label_eig_qs_7e-6,2,1,0,1.0
317,u4_label_eig_qs_7e-6,2,0,0,0.5
318,u4_label_eig_qs_7e-6,2,1,1,1.0
319,u4_label_eig_qs_7e-6,2,1,1,1.0
320,u4_label_eig_qs_7e-6,2,0,1,1.0
321,u4_label_eig_qs_7e-6,2,0,1,0.5
322,u4_label_eig_qs_7e-6,2,1,0,1.0
323,u4_label_eig_qs_7e-6,2,1,1,0.5
324,u4_label_eig_qs_7e-6,2,1,0,1.0
325,u4_label_eig_qs_7e-6,2,1,1,1.0
326,u4_label_eig_qs_7e-6,2,0,1,1.0
327,u4_label_eig_qs_7e-6,2,1,0,0.0
328,u4_label_eig_qs_7e-6,2,1,1,1.0
329,u4_label_eig_qs_7e-6,2,0,0,0.5
330,u4_label_eig_qs_7e-6,2,1,0,1.0
331,u4_label_eig_qs_7e-6,2,0,0,0.5
332,u4_label_eig_qs_7e-6,2,0,0,0.0
333,u4_label_eig_qs_7e-6,2,0,0,0.0
334,u4_label_eig_qs_7e-6,2,1,1,1.0
335,u4_label_eig_qs_7e-6,2,0,0,0.0
336,u4_label_eig_qs_7e-6,2,0,0,0.5
337,u4_label_eig_qs_7e-6,2,1,0,1.0
338,u4_label_eig_qs_7e-6,2,1,0,0.0
339,u4_label_eig_qs_7e-6,2,0,1,0.0
340,u4_label_eig_qs_7e-6,2,1,1,0.0
341,u4_label_eig_qs_7e-6,2,0,0,0.5
342,u4_label_eig_qs_7e-6,2,0,1,0.5
343,u4_label_eig_qs_7e-6,2,1,0,0.0
344,u4_label_eig_qs_7e-6,2,1,0,1.0
345,u4_label_eig_qs_7e-6,2,0,1,0.5
346,u4_label_eig_qs_7e-6,2,0,0,0.0
347,u4_label_eig_qs_7e-6,2,0,0,0.5
348,u4_label_eig_qs_7e-6,2,1,1,1.0
349,u4_label_eig_qs_7e-6,2,0,0,0.5
350,u4_label_eig_qs_7e-6,2,1,1,1.0
351,u4_label_eig_qs_7e-6,2,0,0,0.5
352,u4_label_eig_qs_7e-6,2,0,0,0.0
353,u4_label_eig_qs_7e-6,2,0,0,0.5
354,u4_label_eig_qs_7e-6,2,1,0,1.0
355,u4_label_eig_qs_7e-6,2,0,0,0.5
356,u4_label_eig_qs_7e-6,2,1,1,1.0
357,u4_label_eig_qs_7e-6,2,0,0,0.5
358,u4_label_eig_qs_7e-6,2,1,0,0.5
359,u4_label_eig_qs_7e-6,2,0,0,0.5
360,u4_label_eig_qs_7e-6,2,1,1,0.5
361,u4_label_eig_qs_7e-6,2,1,1,1.0
362,u4_label_eig_qs_7e-6,2,0,0,0.5
363,u4_label_eig_qs_7e-6,2,0,0,0.5
364,u4_label_eig_qs_7e-6,2,1,1,1.0
365,u4_label_eig_qs_7e-6,2,1,1,0.5
366,u4_label_eig_qs_7e-6,2,1,0,0.5
367,u4_label_eig_qs_7e-6,2,1,0,0.5
368,u4_label_eig_qs_7e-6,2,0,0,0.5
369,u4_label_eig_qs_7e-6,2,1,0,0.0
370,u4_label_eig_qs_7e-6,2,0,0,1.0
371,u4_label_eig_qs_7e-6,2,1,1,0.5
372,u4_label_eig_qs_7e-6,2,1,0,1.0
373,u4_label_eig_qs_7e-6,2,1,1,1.0
374,u4_label_eig_qs_7e-6,2,1,1,1.0
375,u4_label_eig_qs_7e-6,2,1,0,0.0
376,u4_label_eig_qs_7e-6,2,1,1,1.0
377,u4_label_eig_qs_7e-6,2,0,1,0.5
378,u4_label_eig_qs_7e-6,2,1,1,0.5
379,u4_label_eig_qs_7e-6,2,1,0,0.5
380,u4_label_eig_qs_7e-6,2,0,0,0.5
381,u4_label_eig_qs_7e-6,2,1,0,0.5
382,u4_label_eig_qs_7e-6,2,0,0,0.5
383,u4_label_eig_qs_7e-6,2,0,0,0.0
384,u4_label_eig_qs_7e-6,2,0,0,0.5
385,u4_label_eig_qs_7e-6,2,0,1,0.5
386,u4_label_eig_qs_7e-6,2,0,0,0.5
387,u4_label_eig_qs_7e-6,2,0,0,0.5
388,u4_label_eig_qs_7e-6,2,0,0,0.5
389,u4_label_eig_qs_7e-6,2,0,0,0.5
390,u4_label_eig_qs_7e-6,2,1,1,0.5
391,u4_label_eig_qs_7e-6,2,0,0,0.5
392,u4_label_eig_qs_7e-6,2,0,0,0.5
393,u4_label_eig_qs_7e-6,2,0,0,0.5
394,u4_label_eig_qs_7e-6,2,0,0,0.5
395,u4_label_eig_qs_7e-6,2,1,1,1.0
396,u4_label_eig_qs_7e-6,2,1,0,0.5
397,u4_label_eig_qs_7e-6,2,0,1,0.5
398,u4_label_eig_qs_7e-6,2,0,0,0.5
399,u4_label_eig_qs_7e-6,2,0,0,0.5
400,u17_label_eig_qs_7e-6,1,0,0,0.5
401,u17_label_eig_qs_7e-6,1,1,0,0.5
402,u17_label_eig_qs_7e-6,1,0,1,0.5
403,u17_label_eig_qs_7e-6,1,0,1,0.5
404,u17_label_eig_qs_7e-6,1,0,1,0.5
405,u17_label_eig_qs_7e-6,1,1,1,0.5
406,u17_label_eig_qs_7e-6,1,0,1,0.5
407,u17_label_eig_qs_7e-6,1,0,0,0.5
408,u17_label_eig_qs_7e-6,1,0,0,0.5
409,u17_label_eig_qs_7e-6,1,0,0,0.5
410,u17_label_eig_qs_7e-6,1,0,0,0.5
411,u17_label_eig_qs_7e-6,1,0,1,0.5
412,u17_label_eig_qs_7e-6,1,0,0,0.5
413,u17_label_eig_qs_7e-6,1,0,1,0.5
414,u17_label_eig_qs_7e-6,1,0,1,0.5
415,u17_label_eig_qs_7e-6,1,1,0,1.0
416,u17_label_eig_qs_7e-6,1,0,0,0.5
417,u17_label_eig_qs_7e-6,1,0,1,0.5
418,u17_label_eig_qs_7e-6,1,0,0,0.5
419,u17_label_eig_qs_7e-6,1,0,0,0.5
420,u17_label_eig_qs_7e-6,1,0,0,0.5
421,u17_label_eig_qs_7e-6,1,1,1,0.0
422,u17_label_eig_qs_7e-6,1,0,0,0.5
423,u17_label_eig_qs_7e-6,1,0,1,0.5
424,u17_label_eig_qs_7e-6,1,0,0,0.5
425,u17_label_eig_qs_7e-6,1,1,0,1.0
426,u17_label_eig_qs_7e-6,1,0,0,0.5
427,u17_label_eig_qs_7e-6,1,0,0,0.5
428,u17_label_eig_qs_7e-6,1,0,0,0.5
429,u17_label_eig_qs_7e-6,1,0,1,0.5
430,u17_label_eig_qs_7e-6,1,0,0,0.5
431,u17_label_eig_qs_7e-6,1,0,1,0.5
432,u17_label_eig_qs_7e-6,1,0,1,1.0
433,u17_label_eig_qs_7e-6,1,0,0,0.5
434,u17_label_eig_qs_7e-6,1,1,1,0.5
435,u17_label_eig_qs_7e-6,1,0,0,0.5
436,u17_label_eig_qs_7e-6,1,1,1,1.0
437,u17_label_eig_qs_7e-6,1,1,1,0.5
438,u17_label_eig_qs_7e-6,1,0,0,0.5
439,u17_label_eig_qs_7e-6,1,0,0,0.5
440,u17_label_eig_qs_7e-6,1,1,1,1.0
441,u17_label_eig_qs_7e-6,1,0,0,0.5
442,u17_label_eig_qs_7e-6,1,0,1,0.5
443,u17_label_eig_qs_7e-6,1,0,0,0.5
444,u17_label_eig_qs_7e-6,1,0,0,1.0
445,u17_label_eig_qs_7e-6,1,0,1,0.5
446,u17_label_eig_qs_7e-6,1,0,0,0.5
447,u17_label_eig_qs_7e-6,1,0,0,0.5
448,u17_label_eig_qs_7e-6,1,0,0,0.5
449,u17_label_eig_qs_7e-6,1,0,1,0.5
450,u17_label_eig_qs_7e-6,1,0,1,0.5
451,u17_label_eig_qs_7e-6,1,0,0,0.5
452,u17_label_eig_qs_7e-6,1,0,0,0.0
453,u17_label_eig_qs_7e-6,1,0,0,0.5
454,u17_label_eig_qs_7e-6,1,1,1,0.5
455,u17_label_eig_qs_7e-6,1,0,1,0.5
456,u17_label_eig_qs_7e-6,1,0,1,0.5
457,u17_label_eig_qs_7e-6,1,0,0,0.5
458,u17_label_eig_qs_7e-6,1,0,1,0.5
459,u17_label_eig_qs_7e-6,1,0,0,0.5
460,u17_label_eig_qs_7e-6,1,1,0,0.5
461,u17_label_eig_qs_7e-6,1,0,1,0.5
462,u17_label_eig_qs_7e-6,1,0,0,0.5
463,u17_label_eig_qs_7e-6,1,0,0,0.5
464,u17_label_eig_qs_7e-6,1,0,0,0.5
465,u17_label_eig_qs_7e-6,1,0,1,0.5
466,u17_label_eig_qs_7e-6,1,0,0,0.5
467,u17_label_eig_qs_7e-6,1,0,0,0.5
468,u17_label_eig_qs_7e-6,1,0,0,1.0
469,u17_label_eig_qs_7e-6,1,1,0,1.0
470,u17_label_eig_qs_7e-6,1,0,1,0.5
471,u17_label_eig_qs_7e-6,1,0,0,0.5
472,u17_label_eig_qs_7e-6,1,0,0,0.5
473,u17_label_eig_qs_7e-6,1,0,0,0.5
474,u17_label_eig_qs_7e-6,1,0,0,1.0
475,u17_label_eig_qs_7e-6,1,1,0,0.5
476,u17_label_eig_qs_7e-6,1,0,0,0.5
477,u17_label_eig_qs_7e-6,1,0,0,0.5
478,u17_label_eig_qs_7e-6,1,0,1,0.5
479,u17_label_eig_qs_7e-6,1,0,0,0.5
480,u17_label_eig_qs_7e-6,1,0,1,0.5
481,u17_label_eig_qs_7e-6,1,1,1,0.0
482,u17_label_eig_qs_7e-6,1,0,0,0.5
483,u17_label_eig_qs_7e-6,1,0,0,0.5
484,u17_label_eig_qs_7e-6,1,0,1,0.5
485,u17_label_eig_qs_7e-6,1,0,0,0.5
486,u17_label_eig_qs_7e-6,1,0,1,0.5
487,u17_label_eig_qs_7e-6,1,1,1,0.5
488,u17_label_eig_qs_7e-6,1,0,1,0.5
489,u17_label_eig_qs_7e-6,1,0,0,0.5
490,u17_label_eig_qs_7e-6,1,0,0,0.5
491,u17_label_eig_qs_7e-6,1,0,1,0.5
492,u17_label_eig_qs_7e-6,1,0,0,0.5
493,u17_label_eig_qs_7e-6,1,0,1,0.5
494,u17_label_eig_qs_7e-6,1,0,0,0.5
495,u17_label_eig_qs_7e-6,1,0,0,0.5
496,u17_label_eig_qs_7e-6,1,1,0,1.0
497,u17_label_eig_qs_7e-6,1,0,0,0.0
498,u17_label_eig_qs_7e-6,1,0,0,0.5
499,u17_label_eig_qs_7e-6,1,0,1,0.5
500,u17_label_eig_qs_7e-6,1,0,1,0.5
501,u17_label_eig_qs_7e-6,1,0,0,0.5
502,u17_label_eig_qs_7e-6,1,1,1,0.5
503,u17_label_eig_qs_7e-6,1,0,0,0.5
504,u17_label_eig_qs_7e-6,1,0,0,0.5
505,u17_label_eig_qs_7e-6,1,0,0,0.5
506,u17_label_eig_qs_7e-6,1,1,0,1.0
507,u17_label_eig_qs_7e-6,1,1,1,1.0
508,u17_label_eig_qs_7e-6,1,0,1,0.0
509,u17_label_eig_qs_7e-6,1,0,1,0.5
510,u17_label_eig_qs_7e-6,1,0,1,0.5
511,u17_label_eig_qs_7e-6,1,0,1,0.5
512,u17_label_eig_qs_7e-6,1,0,0,0.5
513,u17_label_eig_qs_7e-6,1,0,0,0.0
514,u17_label_eig_qs_7e-6,1,0,0,0.5
515,u17_label_eig_qs_7e-6,1,1,0,1.0
516,u17_label_eig_qs_7e-6,1,0,0,0.5
517,u17_label_eig_qs_7e-6,1,0,0,0.5
518,u17_label_eig_qs_7e-6,1,0,1,0.5
519,u17_label_eig_qs_7e-6,1,1,1,1.0
520,u17_label_eig_qs_7e-6,1,0,1,0.5
521,u17_label_eig_qs_7e-6,1,0,1,0.5
522,u17_label_eig_qs_7e-6,1,1,0,0.5
523,u17_label_eig_qs_7e-6,1,0,1,0.5
524,u17_label_eig_qs_7e-6,1,0,0,0.5
525,u17_label_eig_qs_7e-6,1,0,1,0.5
526,u17_label_eig_qs_7e-6,1,0,1,1.0
527,u17_label_eig_qs_7e-6,1,0,0,0.5
528,u17_label_eig_qs_7e-6,1,1,1,0.5
529,u17_label_eig_qs_7e-6,1,0,0,0.5
530,u17_label_eig_qs_7e-6,1,0,0,0.5
531,u17_label_eig_qs_7e-6,1,0,0,0.5
532,u17_label_eig_qs_7e-6,1,0,0,0.5
533,u17_label_eig_qs_7e-6,1,0,0,0.0
534,u17_label_eig_qs_7e-6,1,0,1,0.5
535,u17_label_eig_qs_7e-6,1,0,0,0.5
536,u17_label_eig_qs_7e-6,1,0,0,0.5
537,u17_label_eig_qs_7e-6,1,0,0,0.5
538,u17_label_eig_qs_7e-6,1,0,0,0.5
539,u17_label_eig_qs_7e-6,1,0,1,0.5
540,u17_label_eig_qs_7e-6,1,0,1,0.5
541,u17_label_eig_qs_7e-6,1,0,0,0.5
542,u17_label_eig_qs_7e-6,1,0,1,0.0
543,u17_label_eig_qs_7e-6,1,1,0,1.0
544,u17_label_eig_qs_7e-6,1,0,0,0.5
545,u17_label_eig_qs_7e-6,1,0,1,0.5
546,u17_label_eig_qs_7e-6,1,0,0,0.5
547,u17_label_eig_qs_7e-6,1,0,0,0.5
548,u17_label_eig_qs_7e-6,1,0,1,0.5
549,u17_label_eig_qs_7e-6,1,0,0,0.5
550,u17_label_eig_qs_7e-6,1,0,1,0.5
551,u17_label_eig_qs_7e-6,1,0,0,0.0
552,u17_label_eig_qs_7e-6,1,0,0,0.5
553,u17_label_eig_qs_7e-6,1,0,0,0.5
554,u17_label_eig_qs_7e-6,1,0,0,0.5
555,u17_label_eig_qs_7e-6,1,0,0,0.5
556,u17_label_eig_qs_7e-6,1,0,1,1.0
557,u17_label_eig_qs_7e-6,1,0,0,0.5
558,u17_label_eig_qs_7e-6,1,0,0,1.0
559,u17_label_eig_qs_7e-6,1,0,0,0.5
560,u17_label_eig_qs_7e-6,1,1,1,1.0
561,u17_label_eig_qs_7e-6,1,0,1,0.5
562,u17_label_eig_qs_7e-6,1,0,0,0.5
563,u17_label_eig_qs_7e-6,1,0,0,0.5
564,u17_label_eig_qs_7e-6,1,1,1,1.0
565,u17_label_eig_qs_7e-6,1,0,1,0.5
566,u17_label_eig_qs_7e-6,1,0,0,0.5
567,u17_label_eig_qs_7e-6,1,0,0,0.5
568,u17_label_eig_qs_7e-6,1,0,0,0.5
569,u17_label_eig_qs_7e-6,1,0,0,0.5
570,u17_label_eig_qs_7e-6,1,0,0,0.5
571,u17_label_eig_qs_7e-6,1,0,1,1.0
572,u17_label_eig_qs_7e-6,1,0,0,0.5
573,u17_label_eig_qs_7e-6,1,0,1,0.5
574,u17_label_eig_qs_7e-6,1,0,1,0.5
575,u17_label_eig_qs_7e-6,1,0,0,1.0
576,u17_label_eig_qs_7e-6,1,0,1,0.5
577,u17_label_eig_qs_7e-6,1,0,1,0.5
578,u17_label_eig_qs_7e-6,1,0,1,0.5
579,u17_label_eig_qs_7e-6,1,0,0,1.0
580,u17_label_eig_qs_7e-6,1,0,0,0.5
581,u17_label_eig_qs_7e-6,1,0,0,0.5
582,u17_label_eig_qs_7e-6,1,0,0,0.5
583,u17_label_eig_qs_7e-6,1,0,0,0.5
584,u17_label_eig_qs_7e-6,1,0,0,0.0
585,u17_label_eig_qs_7e-6,1,0,1,0.5
586,u17_label_eig_qs_7e-6,1,0,0,0.5
587,u17_label_eig_qs_7e-6,1,0,0,0.5
588,u17_label_eig_qs_7e-6,1,0,0,0.5
589,u17_label_eig_qs_7e-6,1,0,0,0.5
590,u17_label_eig_qs_7e-6,1,0,1,0.5
591,u17_label_eig_qs_7e-6,1,0,0,0.5
592,u17_label_eig_qs_7e-6,1,0,0,0.5
593,u17_label_eig_qs_7e-6,1,0,0,0.5
594,u17_label_eig_qs_7e-6,1,0,0,0.5
595,u17_label_eig_qs_7e-6,1,0,1,0.0
596,u17_label_eig_qs_7e-6,1,0,0,0.5
597,u17_label_eig_qs_7e-6,1,0,1,0.5
598,u17_label_eig_qs_7e-6,1,0,0,0.5
599,u17_label_eig_qs_7e-6,1,0,0,0.5
600,u17_label_eig_qs_7e-6,2,0,0,0.5
601,u17_label_eig_qs_7e-6,2,1,0,0.5
602,u17_label_eig_qs_7e-6,2,1,1,1.0
603,u17_label_eig_qs_7e-6,2,0,1,1.0
604,u17_label_eig_qs_7e-6,2,1,1,1.0
605,u17_label_eig_qs_7e-6,2,0,1,0.5
606,u17_label_eig_qs_7e-6,2,0,1,0.5
607,u17_label_eig_qs_7e-6,2,0,0,0.0
608,u17_label_eig_qs_7e-6,2,0,0,0.5
609,u17_label_eig_qs_7e-6,2,1,0,1.0
610,u17_label_eig_qs_7e-6,2,1,0,0.0
611,u17_label_eig_qs_7e-6,2,0,1,0.5
612,u17_label_eig_qs_7e-6,2,0,0,0.5
613,u17_label_eig_qs_7e-6,2,0,1,0.5
614,u17_label_eig_qs_7e-6,2,1,1,1.0
615,u17_label_eig_qs_7e-6,2,1,0,0.0
616,u17_label_eig_qs_7e-6,2,0,0,0.5
617,u17_label_eig_qs_7e-6,2,1,1,0.5
618,u17_label_eig_qs_7e-6,2,1,0,1.0
619,u17_label_eig_qs_7e-6,2,0,0,0.5
620,u17_label_eig_qs_7e-6,2,0,0,0.5
621,u17_label_eig_qs_7e-6,2,1,1,0.5
622,u17_label_eig_qs_7e-6,2,1,0,0.0
623,u17_label_eig_qs_7e-6,2,1,1,0.0
624,u17_label_eig_qs_7e-6,2,0,0,1.0
625,u17_label_eig_qs_7e-6,2,0,0,0.5
626,u17_label_eig_qs_7e-6,2,1,0,0.5
627,u17_label_eig_qs_7e-6,2,0,0,0.5
628,u17_label_eig_qs_7e-6,2,0,0,0.5
629,u17_label_eig_qs_7e-6,2,0,1,0.5
630,u17_label_eig_qs_7e-6,2,1,0,0.5
631,u17_label_eig_qs_7e-6,2,1,1,1.0
632,u17_label_eig_qs_7e-6,2,0,1,0.5
633,u17_label_eig_qs_7e-6,2,1,0,0.5
634,u17_label_eig_qs_7e-6,2,1,1,0.5
635,u17_label_eig_qs_7e-6,2,1,0,1.0
636,u17_label_eig_qs_7e-6,2,1,1,0.0
637,u17_label_eig_qs_7e-6,2,1,1,0.5
638,u17_label_eig_qs_7e-6,2,0,0,0.5
639,u17_label_eig_qs_7e-6,2,0,0,0.5
640,u17_label_eig_qs_7e-6,2,1,1,1.0
641,u17_label_eig_qs_7e-6,2,1,0,0.5
642,u17_label_eig_qs_7e-6,2,1,1,0.0
643,u17_label_eig_qs_7e-6,2,0,0,0.5
644,u17_label_eig_qs_7e-6,2,1,0,1.0
645,u17_label_eig_qs_7e-6,2,1,1,1.0
646,u17_label_eig_qs_7e-6,2,1,0,1.0
647,u17_label_eig_qs_7e-6,2,1,0,0.5
648,u17_label_eig_qs_7e-6,2,0,0,0.5
649,u17_label_eig_qs_7e-6,2,1,1,0.0
650,u17_label_eig_qs_7e-6,2,1,1,1.0
651,u17_label_eig_qs_7e-6,2,0,0,0.5
652,u17_label_eig_qs_7e-6,2,1,0,0.5
653,u17_label_eig_qs_7e-6,2,1,0,1.0
654,u17_label_eig_qs_7e-6,2,1,1,0.5
655,u17_label_eig_qs_7e-6,2,1,1,1.0
656,u17_label_eig_qs_7e-6,2,1,1,1.0
657,u17_label_eig_qs_7e-6,2,1,0,1.0
658,u17_label_eig_qs_7e-6,2,0,1,0.5
659,u17_label_eig_qs_7e-6,2,1,0,1.0
660,u17_label_eig_qs_7e-6,2,1,0,1.0
661,u17_label_eig_qs_7e-6,2,1,1,0.5
662,u17_label_eig_qs_7e-6,2,0,0,0.0
663,u17_label_eig_qs_7e-6,2,0,0,0.5
664,u17_label_eig_qs_7e-6,2,1,0,0.5
665,u17_label_eig_qs_7e-6,2,0,1,0.5
666,u17_label_eig_qs_7e-6,2,0,0,0.5
667,u17_label_eig_qs_7e-6,2,1,0,1.0
668,u17_label_eig_qs_7e-6,2,0,0,1.0
669,u17_label_eig_qs_7e-6,2,1,0,1.0
670,u17_label_eig_qs_7e-6,2,1,1,1.0
671,u17_label_eig_qs_7e-6,2,0,0,0.5
672,u17_label_eig_qs_7e-6,2,0,0,0.5
673,u17_label_eig_qs_7e-6,2,0,0,0.5
674,u17_label_eig_qs_7e-6,2,0,0,0.0
675,u17_label_eig_qs_7e-6,2,1,0,0.5
676,u17_label_eig_qs_7e-6,2,1,0,0.0
677,u17_label_eig_qs_7e-6,2,0,0,1.0
678,u17_label_eig_qs_7e-6,2,1,1,1.0
679,u17_label_eig_qs_7e-6,2,0,0,0.5
680,u17_label_eig_qs_7e-6,2,1,1,0.0
681,u17_label_eig_qs_7e-6,2,1,1,0.5
682,u17_label_eig_qs_7e-6,2,1,0,0.5
683,u17_label_eig_qs_7e-6,2,0,0,1.0
684,u17_label_eig_qs_7e-6,2,1,1,0.5
685,u17_label_eig_qs_7e-6,2,0,0,0.5
686,u17_label_eig_qs_7e-6,2,0,1,0.5
687,u17_label_eig_qs_7e-6,2,0,1,0.5
688,u17_label_eig_qs_7e-6,2,1,1,0.5
689,u17_label_eig_qs_7e-6,2,0,0,0.5
690,u17_label_eig_qs_7e-6,2,0,0,0.5
691,u17_label_eig_qs_7e-6,2,1,1,0.0
692,u17_label_eig_qs_7e-6,2,0,0,0.5
693,u17_label_eig_qs_7e-6,2,1,1,0.5
694,u17_label_eig_qs_7e-6,2,1,0,1.0
695,u17_label_eig_qs_7e-6,2,1,0,0.5
696,u17_label_eig_qs_7e-6,2,1,0,1.0
697,u17_label_eig_qs_7e-6,2,0,0,0.0
698,u17_label_eig_qs_7e-6,2,0,0,1.0
699,u17_label_eig_qs_7e-6,2,1,1,0.5
700,u17_label_eig_qs_7e-6,2,0,1,0.5
701,u17_label_eig_qs_7e-6,2,0,0,0.5
702,u17_label_eig_qs_7e-6,2,1,1,0.5
703,u17_label_eig_qs_7e-6,2,1,0,0.5
704,u17_label_eig_qs_7e-6,2,0,0,0.5
705,u17_label_eig_qs_7e-6,2,0,0,0.5
706,u17_label_eig_qs_7e-6,2,1,0,0.0
707,u17_label_eig_qs_7e-6,2,1,1,0.5
708,u17_label_eig_qs_7e-6,2,0,1,1.0
709,u17_label_eig_qs_7e-6,2,1,1,1.0
710,u17_label_eig_qs_7e-6,2,1,1,1.0
711,u17_label_eig_qs_7e-6,2,0,1,0.5
712,u17_label_eig_qs_7e-6,2,0,0,0.5
713,u17_label_eig_qs_7e-6,2,0,0,0.5
714,u17_label_eig_qs_7e-6,2,0,0,0.5
715,u17_label_eig_qs_7e-6,2,1,0,1.0
716,u17_label_eig_qs_7e-6,2,1,0,1.0
717,u17_label_eig_qs_7e-6,2,0,0,0.5
718,u17_label_eig_qs_7e-6,2,1,1,1.0
719,u17_label_eig_qs_7e-6,2,0,1,0.0
720,u17_label_eig_qs_7e-6,2,0,1,0.5
721,u17_label_eig_qs_7e-6,2,0,1,0.5
722,u17_label_eig_qs_7e-6,2,1,0,1.0
723,u17_label_eig_qs_7e-6,2,1,1,1.0
724,u17_label_eig_qs_7e-6,2,1,0,0.5
725,u17_label_eig_qs_7e-6,2,0,1,0.5
726,u17_label_eig_qs_7e-6,2,0,1,1.0
727,u17_label_eig_qs_7e-6,2,1,0,0.0
728,u17_label_eig_qs_7e-6,2,1,1,1.0
729,u17_label_eig_qs_7e-6,2,0,0,0.5
730,u17_label_eig_qs_7e-6,2,1,0,1.0
731,u17_label_eig_qs_7e-6,2,1,0,1.0
732,u17_label_eig_qs_7e-6,2,0,0,1.0
733,u17_label_eig_qs_7e-6,2,0,0,0.0
734,u17_label_eig_qs_7e-6,2,1,1,0.5
735,u17_label_eig_qs_7e-6,2,0,0,0.5
736,u17_label_eig_qs_7e-6,2,0,0,0.5
737,u17_label_eig_qs_7e-6,2,1,0,1.0
738,u17_label_eig_qs_7e-6,2,1,0,0.5
739,u17_label_eig_qs_7e-6,2,0,1,0.0
740,u17_label_eig_qs_7e-6,2,1,1,0.5
741,u17_label_eig_qs_7e-6,2,0,0,0.5
742,u17_label_eig_qs_7e-6,2,0,1,0.0
743,u17_label_eig_qs_7e-6,2,1,0,1.0
744,u17_label_eig_qs_7e-6,2,1,0,0.5
745,u17_label_eig_qs_7e-6,2,0,1,0.0
746,u17_label_eig_qs_7e-6,2,0,0,0.5
747,u17_label_eig_qs_7e-6,2,1,0,0.0
748,u17_label_eig_qs_7e-6,2,1,1,1.0
749,u17_label_eig_qs_7e-6,2,0,0,0.5
750,u17_label_eig_qs_7e-6,2,1,1,0.5
751,u17_label_eig_qs_7e-6,2,1,0,0.0
752,u17_label_eig_qs_7e-6,2,0,0,0.0
753,u17_label_eig_qs_7e-6,2,0,0,0.0
754,u17_label_eig_qs_7e-6,2,1,0,0.5
755,u17_label_eig_qs_7e-6,2,0,0,0.5
756,u17_label_eig_qs_7e-6,2,1,1,0.5
757,u17_label_eig_qs_7e-6,2,0,0,0.5
758,u17_label_eig_qs_7e-6,2,1,0,1.0
759,u17_label_eig_qs_7e-6,2,0,0,0.5
760,u17_label_eig_qs_7e-6,2,1,1,1.0
761,u17_label_eig_qs_7e-6,2,1,1,1.0
762,u17_label_eig_qs_7e-6,2,0,0,0.5
763,u17_label_eig_qs_7e-6,2,0,0,0.5
764,u17_label_eig_qs_7e-6,2,1,1,0.5
765,u17_label_eig_qs_7e-6,2,1,1,0.5
766,u17_label_eig_qs_7e-6,2,1,0,1.0
767,u17_label_eig_qs_7e-6,2,1,0,0.5
768,u17_label_eig_qs_7e-6,2,0,0,0.5
769,u17_label_eig_qs_7e-6,2,1,0,1.0
770,u17_label_eig_qs_7e-6,2,0,0,0.5
771,u17_label_eig_qs_7e-6,2,1,1,0.5
772,u17_label_eig_qs_7e-6,2,1,0,1.0
773,u17_label_eig_qs_7e-6,2,1,1,1.0
774,u17_label_eig_qs_7e-6,2,1,1,0.5
775,u17_label_eig_qs_7e-6,2,1,0,0.0
776,u17_label_eig_qs_7e-6,2,1,1,1.0
777,u17_label_eig_qs_7e-6,2,0,1,0.5
778,u17_label_eig_qs_7e-6,2,1,1,1.0
779,u17_label_eig_qs_7e-6,2,1,0,0.5
780,u17_label_eig_qs_7e-6,2,0,0,0.5
781,u17_label_eig_qs_7e-6,2,0,0,0.5
782,u17_label_eig_qs_7e-6,2,0,0,0.5
783,u17_label_eig_qs_7e-6,2,0,0,1.0
784,u17_label_eig_qs_7e-6,2,1,0,1.0
785,u17_label_eig_qs_7e-6,2,0,1,0.5
786,u17_label_eig_qs_7e-6,2,1,0,1.0
787,u17_label_eig_qs_7e-6,2,1,0,0.5
788,u17_label_eig_qs_7e-6,2,0,0,0.5
789,u17_label_eig_qs_7e-6,2,0,0,0.5
790,u17_label_eig_qs_7e-6,2,1,1,0.0
791,u17_label_eig_qs_7e-6,2,0,0,0.5
792,u17_label_eig_qs_7e-6,2,0,0,0.5
793,u17_label_eig_qs_7e-6,2,0,0,0.5
794,u17_label_eig_qs_7e-6,2,0,0,0.5
795,u17_label_eig_qs_7e-6,2,1,1,0.5
796,u17_label_eig_qs_7e-6,2,1,0,0.5
797,u17_label_eig_qs_7e-6,2,0,1,0.5
798,u17_label_eig_qs_7e-6,2,0,0,0.5
799,u17_label_eig_qs_7e-6,2,0,0,0.5
800,eig_7e-6,1,0,0,0.5
801,eig_7e-6,1,1,0,0.5
802,eig_7e-6,1,0,1,1.0
803,eig_7e-6,1,0,1,0.5
804,eig_7e-6,1,0,1,0.5
805,eig_7e-6,1,0,1,0.0
806,eig_7e-6,1,0,1,0.5
807,eig_7e-6,1,0,0,0.5
808,eig_7e-6,1,0,0,0.5
809,eig_7e-6,1,0,0,0.5
810,eig_7e-6,1,0,0,0.5
811,eig_7e-6,1,1,1,1.0
812,eig_7e-6,1,0,0,0.5
813,eig_7e-6,1,0,1,0.0
814,eig_7e-6,1,0,1,0.5
815,eig_7e-6,1,1,0,0.0
816,eig_7e-6,1,0,0,0.5
817,eig_7e-6,1,0,1,0.5
818,eig_7e-6,1,0,0,0.5
819,eig_7e-6,1,0,0,0.5
820,eig_7e-6,1,0,0,0.5
821,eig_7e-6,1,1,1,0.5
822,eig_7e-6,1,0,0,0.5
823,eig_7e-6,1,0,1,0.5
824,eig_7e-6,1,0,0,0.5
825,eig_7e-6,1,1,0,1.0
826,eig_7e-6,1,0,0,0.5
827,eig_7e-6,1,0,0,0.5
828,eig_7e-6,1,0,0,0.5
829,eig_7e-6,1,0,1,0.5
830,eig_7e-6,1,0,0,0.5
831,eig_7e-6,1,0,1,0.5
832,eig_7e-6,1,0,1,1.0
833,eig_7e-6,1,0,0,0.5
834,eig_7e-6,1,1,1,0.5
835,eig_7e-6,1,0,0,0.5
836,eig_7e-6,1,1,1,0.5
837,eig_7e-6,1,1,1,0.5
838,eig_7e-6,1,0,0,0.5
839,eig_7e-6,1,0,0,1.0
840,eig_7e-6,1,1,1,1.0
841,eig_7e-6,1,0,0,0.5
842,eig_7e-6,1,0,1,0.5
843,eig_7e-6,1,0,0,0.5
844,eig_7e-6,1,0,0,0.5
845,eig_7e-6,1,0,1,1.0
846,eig_7e-6,1,0,0,0.5
847,eig_7e-6,1,0,0,0.5
848,eig_7e-6,1,0,0,0.5
849,eig_7e-6,1,0,1,0.5
850,eig_7e-6,1,0,1,0.5
851,eig_7e-6,1,0,0,0.5
852,eig_7e-6,1,0,0,0.0
853,eig_7e-6,1,0,0,0.5
854,eig_7e-6,1,1,1,0.5
855,eig_7e-6,1,0,1,0.5
856,eig_7e-6,1,0,1,0.5
857,eig_7e-6,1,0,0,0.5
858,eig_7e-6,1,0,1,0.5
859,eig_7e-6,1,0,0,0.5
860,eig_7e-6,1,1,0,1.0
861,eig_7e-6,1,0,1,0.5
862,eig_7e-6,1,0,0,0.5
863,eig_7e-6,1,0,0,0.0
864,eig_7e-6,1,0,0,0.5
865,eig_7e-6,1,0,1,0.5
866,eig_7e-6,1,0,0,0.5
867,eig_7e-6,1,0,0,0.5
868,eig_7e-6,1,0,0,1.0
869,eig_7e-6,1,1,0,0.5
870,eig_7e-6,1,0,1,0.5
871,eig_7e-6,1,0,0,0.5
872,eig_7e-6,1,0,0,0.5
873,eig_7e-6,1,0,0,0.5
874,eig_7e-6,1,0,0,0.0
875,eig_7e-6,1,1,0,0.5
876,eig_7e-6,1,0,0,0.5
877,eig_7e-6,1,0,0,0.5
878,eig_7e-6,1,0,1,0.5
879,eig_7e-6,1,0,0,0.5
880,eig_7e-6,1,0,1,0.5
881,eig_7e-6,1,1,1,0.0
882,eig_7e-6,1,0,0,0.5
883,eig_7e-6,1,0,0,0.5
884,eig_7e-6,1,0,1,0.5
885,eig_7e-6,1,0,0,0.5
886,eig_7e-6,1,0,1,0.5
887,eig_7e-6,1,1,1,0.5
888,eig_7e-6,1,0,1,0.5
889,eig_7e-6,1,0,0,1.0
890,eig_7e-6,1,0,0,0.5
891,eig_7e-6,1,0,1,0.5
892,eig_7e-6,1,0,0,0.5
893,eig_7e-6,1,0,1,1.0
894,eig_7e-6,1,0,0,0.5
895,eig_7e-6,1,0,0,1.0
896,eig_7e-6,1,0,0,0.5
897,eig_7e-6,1,0,0,0.0
898,eig_7e-6,1,0,0,0.5
899,eig_7e-6,1,0,1,0.5
900,eig_7e-6,1,0,1,0.5
901,eig_7e-6,1,0,0,0.5
902,eig_7e-6,1,1,1,1.0
903,eig_7e-6,1,0,0,0.5
904,eig_7e-6,1,0,0,0.5
905,eig_7e-6,1,0,0,0.5
906,eig_7e-6,1,1,0,1.0
907,eig_7e-6,1,1,1,0.5
908,eig_7e-6,1,0,1,0.5
909,eig_7e-6,1,0,1,0.5
910,eig_7e-6,1,0,1,0.5
911,eig_7e-6,1,0,1,0.5
912,eig_7e-6,1,0,0,0.5
913,eig_7e-6,1,0,0,0.5
914,eig_7e-6,1,0,0,0.5
915,eig_7e-6,1,0,0,0.5
916,eig_7e-6,1,0,0,0.5
917,eig_7e-6,1,0,0,0.5
918,eig_7e-6,1,0,1,0.5
919,eig_7e-6,1,1,1,0.5
920,eig_7e-6,1,0,1,0.5
921,eig_7e-6,1,0,1,0.5
922,eig_7e-6,1,0,0,0.5
923,eig_7e-6,1,0,1,0.5
924,eig_7e-6,1,0,0,0.5
925,eig_7e-6,1,0,1,0.5
926,eig_7e-6,1,0,1,1.0
927,eig_7e-6,1,0,0,0.5
928,eig_7e-6,1,1,1,0.0
929,eig_7e-6,1,0,0,0.5
930,eig_7e-6,1,0,0,0.5
931,eig_7e-6,1,0,0,1.0
932,eig_7e-6,1,0,0,0.5
933,eig_7e-6,1,0,0,1.0
934,eig_7e-6,1,0,1,0.5
935,eig_7e-6,1,0,0,0.0
936,eig_7e-6,1,0,0,0.5
937,eig_7e-6,1,0,0,0.5
938,eig_7e-6,1,0,0,0.5
939,eig_7e-6,1,0,1,0.5
940,eig_7e-6,1,0,1,0.5
941,eig_7e-6,1,0,0,0.5
942,eig_7e-6,1,0,1,0.5
943,eig_7e-6,1,1,0,1.0
944,eig_7e-6,1,0,0,0.5
945,eig_7e-6,1,0,1,0.5
946,eig_7e-6,1,0,0,0.0
947,eig_7e-6,1,0,0,0.5
948,eig_7e-6,1,0,1,0.5
949,eig_7e-6,1,0,0,0.5
950,eig_7e-6,1,0,1,0.5
951,eig_7e-6,1,0,0,0.0
952,eig_7e-6,1,0,0,0.5
953,eig_7e-6,1,0,0,0.5
954,eig_7e-6,1,0,0,0.5
955,eig_7e-6,1,0,0,0.5
956,eig_7e-6,1,0,1,0.5
957,eig_7e-6,1,0,0,1.0
958,eig_7e-6,1,0,0,0.5
959,eig_7e-6,1,0,0,0.5
960,eig_7e-6,1,0,1,0.5
961,eig_7e-6,1,0,1,0.5
962,eig_7e-6,1,0,0,0.5
963,eig_7e-6,1,0,0,0.5
964,eig_7e-6,1,1,1,1.0
965,eig_7e-6,1,0,1,0.5
966,eig_7e-6,1,0,0,0.5
967,eig_7e-6,1,0,0,0.5
968,eig_7e-6,1,0,0,0.5
969,eig_7e-6,1,0,0,0.5
970,eig_7e-6,1,0,0,1.0
971,eig_7e-6,1,0,1,1.0
972,eig_7e-6,1,0,0,0.5
973,eig_7e-6,1,0,1,0.5
974,eig_7e-6,1,0,1,0.5
975,eig_7e-6,1,0,0,1.0
976,eig_7e-6,1,0,1,0.5
977,eig_7e-6,1,0,1,0.5
978,eig_7e-6,1,0,1,0.5
979,eig_7e-6,1,0,0,0.5
980,eig_7e-6,1,0,0,0.5
981,eig_7e-6,1,0,0,0.5
982,eig_7e-6,1,0,0,0.5
983,eig_7e-6,1,0,0,0.5
984,eig_7e-6,1,0,0,0.0
985,eig_7e-6,1,0,1,0.5
986,eig_7e-6,1,0,0,0.5
987,eig_7e-6,1,0,0,0.5
988,eig_7e-6,1,0,0,0.5
989,eig_7e-6,1,0,0,0.5
990,eig_7e-6,1,0,1,0.5
991,eig_7e-6,1,0,0,0.5
992,eig_7e-6,1,0,0,0.5
993,eig_7e-6,1,0,0,0.5
994,eig_7e-6,1,0,0,1.0
995,eig_7e-6,1,0,1,0.5
996,eig_7e-6,1,0,0,0.5
997,eig_7e-6,1,0,1,0.5
998,eig_7e-6,1,0,0,0.5
999,eig_7e-6,1,0,0,0.5
1000,eig_7e-6,2,0,0,0.5
1001,eig_7e-6,2,1,0,0.5
1002,eig_7e-6,2,1,1,1.0
1003,eig_7e-6,2,0,1,0.5
1004,eig_7e-6,2,1,1,0.5
1005,eig_7e-6,2,0,1,0.5
1006,eig_7e-6,2,0,1,0.5
1007,eig_7e-6,2,0,0,0.5
1008,eig_7e-6,2,0,0,0.5
1009,eig_7e-6,2,1,0,1.0
1010,eig_7e-6,2,0,0,0.5
1011,eig_7e-6,2,1,1,1.0
1012,eig_7e-6,2,0,0,0.0
1013,eig_7e-6,2,0,1,0.5
1014,eig_7e-6,2,1,1,1.0
1015,eig_7e-6,2,1,0,0.5
1016,eig_7e-6,2,0,0,0.5
1017,eig_7e-6,2,1,1,1.0
1018,eig_7e-6,2,1,0,1.0
1019,eig_7e-6,2,0,0,0.5
1020,eig_7e-6,2,0,0,0.5
1021,eig_7e-6,2,1,1,0.5
1022,eig_7e-6,2,1,0,0.5
1023,eig_7e-6,2,1,1,0.5
1024,eig_7e-6,2,0,0,0.5
1025,eig_7e-6,2,0,0,0.5
1026,eig_7e-6,2,0,0,1.0
1027,eig_7e-6,2,0,0,0.5
1028,eig_7e-6,2,0,0,0.5
1029,eig_7e-6,2,0,1,0.5
1030,eig_7e-6,2,1,0,1.0
1031,eig_7e-6,2,1,1,1.0
1032,eig_7e-6,2,0,1,0.5
1033,eig_7e-6,2,1,0,0.5
1034,eig_7e-6,2,1,1,1.0
1035,eig_7e-6,2,1,0,0.5
1036,eig_7e-6,2,1,1,1.0
1037,eig_7e-6,2,1,1,0.5
1038,eig_7e-6,2,0,0,0.5
1039,eig_7e-6,2,0,0,0.5
1040,eig_7e-6,2,1,1,1.0
1041,eig_7e-6,2,1,0,0.5
1042,eig_7e-6,2,1,1,0.5
1043,eig_7e-6,2,0,0,0.5
1044,eig_7e-6,2,1,0,1.0
1045,eig_7e-6,2,1,1,1.0
1046,eig_7e-6,2,1,0,0.5
1047,eig_7e-6,2,0,0,0.5
1048,eig_7e-6,2,0,0,0.5
1049,eig_7e-6,2,1,1,0.5
1050,eig_7e-6,2,1,1,0.0
1051,eig_7e-6,2,0,0,0.5
1052,eig_7e-6,2,1,0,1.0
1053,eig_7e-6,2,1,0,0.5
1054,eig_7e-6,2,0,1,0.0
1055,eig_7e-6,2,1,1,1.0
1056,eig_7e-6,2,0,1,1.0
1057,eig_7e-6,2,1,0,1.0
1058,eig_7e-6,2,0,1,0.5
1059,eig_7e-6,2,1,0,0.5
1060,eig_7e-6,2,1,0,1.0
1061,eig_7e-6,2,1,1,0.5
1062,eig_7e-6,2,0,0,0.0
1063,eig_7e-6,2,0,0,0.5
1064,eig_7e-6,2,1,0,0.5
1065,eig_7e-6,2,0,1,0.5
1066,eig_7e-6,2,0,0,0.5
1067,eig_7e-6,2,1,0,1.0
1068,eig_7e-6,2,0,0,1.0
1069,eig_7e-6,2,0,0,0.5
1070,eig_7e-6,2,1,1,0.0
1071,eig_7e-6,2,0,0,0.5
1072,eig_7e-6,2,0,0,0.5
1073,eig_7e-6,2,0,0,0.5
1074,eig_7e-6,2,0,0,1.0
1075,eig_7e-6,2,1,0,1.0
1076,eig_7e-6,2,0,0,0.5
1077,eig_7e-6,2,0,0,1.0
1078,eig_7e-6,2,1,1,1.0
1079,eig_7e-6,2,0,0,0.5
1080,eig_7e-6,2,1,1,0.5
1081,eig_7e-6,2,1,1,0.5
1082,eig_7e-6,2,1,0,1.0
1083,eig_7e-6,2,0,0,0.5
1084,eig_7e-6,2,1,1,0.5
1085,eig_7e-6,2,0,0,0.5
1086,eig_7e-6,2,0,1,0.5
1087,eig_7e-6,2,1,1,0.5
1088,eig_7e-6,2,1,1,0.5
1089,eig_7e-6,2,0,0,0.5
1090,eig_7e-6,2,0,0,0.5
1091,eig_7e-6,2,1,1,1.0
1092,eig_7e-6,2,0,0,0.5
1093,eig_7e-6,2,1,1,1.0
1094,eig_7e-6,2,1,0,1.0
1095,eig_7e-6,2,0,0,0.5
1096,eig_7e-6,2,1,0,0.5
1097,eig_7e-6,2,0,0,0.0
1098,eig_7e-6,2,0,0,1.0
1099,eig_7e-6,2,1,1,0.5
1100,eig_7e-6,2,0,1,0.5
1101,eig_7e-6,2,0,0,0.5
1102,eig_7e-6,2,1,1,1.0
1103,eig_7e-6,2,1,0,0.5
1104,eig_7e-6,2,0,0,0.5
1105,eig_7e-6,2,0,0,0.5
1106,eig_7e-6,2,1,0,1.0
1107,eig_7e-6,2,1,1,0.5
1108,eig_7e-6,2,0,1,1.0
1109,eig_7e-6,2,1,1,1.0
1110,eig_7e-6,2,1,1,1.0
1111,eig_7e-6,2,0,1,0.5
1112,eig_7e-6,2,0,0,0.5
1113,eig_7e-6,2,0,0,0.5
1114,eig_7e-6,2,0,0,0.5
1115,eig_7e-6,2,1,0,1.0
1116,eig_7e-6,2,1,0,1.0
1117,eig_7e-6,2,0,0,0.5
1118,eig_7e-6,2,1,1,0.5
1119,eig_7e-6,2,1,1,0.5
1120,eig_7e-6,2,0,1,0.0
1121,eig_7e-6,2,0,1,0.5
1122,eig_7e-6,2,1,0,1.0
1123,eig_7e-6,2,1,1,0.5
1124,eig_7e-6,2,1,0,1.0
1125,eig_7e-6,2,0,1,0.5
1126,eig_7e-6,2,0,1,1.0
1127,eig_7e-6,2,1,0,1.0
1128,eig_7e-6,2,1,1,0.5
1129,eig_7e-6,2,0,0,0.5
1130,eig_7e-6,2,1,0,1.0
1131,eig_7e-6,2,0,0,0.5
1132,eig_7e-6,2,0,0,0.5
1133,eig_7e-6,2,0,0,0.0
1134,eig_7e-6,2,0,1,0.5
1135,eig_7e-6,2,0,0,0.0
1136,eig_7e-6,2,0,0,0.5
1137,eig_7e-6,2,1,0,0.5
1138,eig_7e-6,2,1,0,0.5
1139,eig_7e-6,2,0,1,0.0
1140,eig_7e-6,2,1,1,0.5
1141,eig_7e-6,2,0,0,0.5
1142,eig_7e-6,2,0,1,0.5
1143,eig_7e-6,2,1,0,0.5
1144,eig_7e-6,2,1,0,0.5
1145,eig_7e-6,2,0,1,0.5
1146,eig_7e-6,2,0,0,0.0
1147,eig_7e-6,2,0,0,0.5
1148,eig_7e-6,2,1,1,1.0
1149,eig_7e-6,2,0,0,0.5
1150,eig_7e-6,2,1,1,0.5
1151,eig_7e-6,2,0,0,0.5
1152,eig_7e-6,2,0,0,0.5
1153,eig_7e-6,2,0,0,0.5
1154,eig_7e-6,2,1,0,1.0
1155,eig_7e-6,2,0,0,0.5
1156,eig_7e-6,2,1,1,1.0
1157,eig_7e-6,2,0,0,0.5
1158,eig_7e-6,2,1,0,0.5
1159,eig_7e-6,2,0,0,0.5
1160,eig_7e-6,2,1,1,1.0
1161,eig_7e-6,2,1,1,0.5
1162,eig_7e-6,2,0,0,0.5
1163,eig_7e-6,2,0,0,0.5
1164,eig_7e-6,2,1,1,0.0
1165,eig_7e-6,2,1,1,1.0
1166,eig_7e-6,2,1,0,1.0
1167,eig_7e-6,2,1,0,0.5
1168,eig_7e-6,2,0,0,0.5
1169,eig_7e-6,2,1,0,0.5
1170,eig_7e-6,2,0,0,0.5
1171,eig_7e-6,2,1,1,1.0
1172,eig_7e-6,2,1,0,0.0
1173,eig_7e-6,2,1,1,0.5
1174,eig_7e-6,2,1,1,0.5
1175,eig_7e-6,2,1,0,0.0
1176,eig_7e-6,2,1,1,1.0
1177,eig_7e-6,2,0,1,0.5
1178,eig_7e-6,2,1,1,0.5
1179,eig_7e-6,2,1,0,1.0
1180,eig_7e-6,2,0,0,0.5
1181,eig_7e-6,2,1,0,0.5
1182,eig_7e-6,2,0,0,0.5
1183,eig_7e-6,2,0,0,0.5
1184,eig_7e-6,2,0,0,0.5
1185,eig_7e-6,2,0,1,0.5
1186,eig_7e-6,2,0,0,0.5
1187,eig_7e-6,2,0,0,0.5
1188,eig_7e-6,2,0,0,0.5
1189,eig_7e-6,2,0,0,0.5
1190,eig_7e-6,2,1,1,1.0
1191,eig_7e-6,2,0,0,0.5
1192,eig_7e-6,2,0,0,0.5
1193,eig_7e-6,2,0,0,0.5
1194,eig_7e-6,2,0,0,0.5
1195,eig_7e-6,2,1,1,0.5
1196,eig_7e-6,2,1,0,0.5
1197,eig_7e-6,2,0,1,0.5
1198,eig_7e-6,2,0,0,0.5
1199,eig_7e-6,2,0,0,0.5
